path,bytes,ext
public/images/404-bg.jpg,80823,.jpg
public/images/absence-vec.png,32889,.png
public/images/american-express.svg,1353,.svg
public/images/app-dev-home.jpg,106636,.jpg
public/images/app-store-black.svg,9247,.svg
public/images/app-store-white.svg,9344,.svg
public/images/apple-touch-icon-114x114.png,22211,.png
public/images/apple-touch-icon-57x57.png,5907,.png
public/images/apple-touch-icon-72x72.png,8200,.png
public/images/approvals-vector.png,32889,.png
public/images/awwards.svg,3283,.svg
public/images/banner-01-dark-landing.jpg,76245,.jpg
public/images/banner-01-dark.jpg,74018,.jpg
public/images/banner-01.jpg,76526,.jpg
public/images/banner-02-dark-landing.jpg,50960,.jpg
public/images/banner-02-dark.jpg,50997,.jpg
public/images/banner-02.jpg,50990,.jpg
public/images/bigcommerce-black.svg,23129,.svg
public/images/blockquote-right-icon.svg,653,.svg
public/images/blog-single-creative-05.png,1130,.png
public/images/blog-single-creative-08.png,1176,.png
public/images/cap-dev.jpg,97038,.jpg
public/images/chc-logo.png,6295057,.png
public/images/chc-spin-support.png,746083,.png
public/images/chc-spinner.png,6292729,.png
public/images/Cloud hero-3.jpg,9277,.jpg
public/images/Cloud hero.jpg,89475,.jpg
public/images/Cloud img.jpg,11091,.jpg
public/images/cn-network-icon.svg,2992,.svg
public/images/colorlib.svg,4594,.svg
public/images/coming-soon-bg.jpg,70596,.jpg
public/images/coming-soon-demo.jpg,65104,.jpg
public/images/compensation-vector.png,32889,.png
public/images/config.png,1991983,.png
public/images/contact-form-arrow-white.png,178,.png
public/images/contact-form-down-arrow.jpg,1592,.jpg
public/images/core-hr-vec.png,32889,.png
public/images/cost-effective.jpg,57850,.jpg
public/images/country-flag-16X16/.DS_Store,6148,
public/images/country-flag-16X16/Afghanistan.png,534,.png
public/images/country-flag-16X16/African Union.png,444,.png
public/images/country-flag-16X16/Albania.png,535,.png
public/images/country-flag-16X16/Algeria.png,532,.png
public/images/country-flag-16X16/American Samoa.png,661,.png
public/images/country-flag-16X16/Andorra.png,540,.png
public/images/country-flag-16X16/Angola.png,535,.png
public/images/country-flag-16X16/Anguilla.png,609,.png
public/images/country-flag-16X16/Antarctica.png,586,.png
public/images/country-flag-16X16/Antigua & Barbuda.png,622,.png
public/images/country-flag-16X16/Arab League.png,645,.png
public/images/country-flag-16X16/Argentina.png,439,.png
public/images/country-flag-16X16/Armenia.png,414,.png
public/images/country-flag-16X16/Aruba.png,453,.png
public/images/country-flag-16X16/ASEAN.png,612,.png
public/images/country-flag-16X16/Australia.png,614,.png
public/images/country-flag-16X16/Austria.png,363,.png
public/images/country-flag-16X16/Azerbaijan.png,472,.png
public/images/country-flag-16X16/Bahamas.png,494,.png
public/images/country-flag-16X16/Bahrain.png,529,.png
public/images/country-flag-16X16/Bangladesh.png,577,.png
public/images/country-flag-16X16/Barbados.png,573,.png
public/images/country-flag-16X16/Belarus.png,441,.png
public/images/country-flag-16X16/Belgium.png,452,.png
public/images/country-flag-16X16/Belize.png,615,.png
public/images/country-flag-16X16/Benin.png,422,.png
public/images/country-flag-16X16/Bermuda.png,606,.png
public/images/country-flag-16X16/Bhutan.png,607,.png
public/images/country-flag-16X16/Bolivia.png,461,.png
public/images/country-flag-16X16/Bosnia & Herzegovina.png,627,.png
public/images/country-flag-16X16/Botswana.png,425,.png
public/images/country-flag-16X16/Brazil.png,687,.png
public/images/country-flag-16X16/Brunei.png,654,.png
public/images/country-flag-16X16/Bulgaria.png,352,.png
public/images/country-flag-16X16/Burkina Faso.png,445,.png
public/images/country-flag-16X16/Burundi.png,740,.png
public/images/country-flag-16X16/Cambodja.png,535,.png
public/images/country-flag-16X16/Cameroon.png,502,.png
public/images/country-flag-16X16/Canada.png,570,.png
public/images/country-flag-16X16/Cape Verde.png,492,.png
public/images/country-flag-16X16/CARICOM.png,665,.png
public/images/country-flag-16X16/Cayman Islands.png,600,.png
public/images/country-flag-16X16/Central African Republic.png,514,.png
public/images/country-flag-16X16/Chad.png,461,.png
public/images/country-flag-16X16/Chile.png,424,.png
public/images/country-flag-16X16/china.png,469,.png
public/images/country-flag-16X16/CIS.png,680,.png
public/images/country-flag-16X16/Colombia.png,387,.png
public/images/country-flag-16X16/Commonwealth.png,649,.png
public/images/country-flag-16X16/Comoros.png,561,.png
public/images/country-flag-16X16/Congo-Brazzaville.png,621,.png
public/images/country-flag-16X16/Congo-Kinshasa(Zaire).png,674,.png
public/images/country-flag-16X16/Cook Islands.png,630,.png
public/images/country-flag-16X16/Costa Rica.png,364,.png
public/images/country-flag-16X16/Cote d'Ivoire.png,428,.png
public/images/country-flag-16X16/Croatia.png,553,.png
public/images/country-flag-16X16/Cuba.png,513,.png
public/images/country-flag-16X16/Cyprus.png,456,.png
public/images/country-flag-16X16/Czech Republic.png,492,.png
public/images/country-flag-16X16/Denmark.png,416,.png
public/images/country-flag-16X16/Djibouti.png,514,.png
public/images/country-flag-16X16/Dominica.png,668,.png
public/images/country-flag-16X16/Dominican Republic.png,432,.png
public/images/country-flag-16X16/Ecuador.png,564,.png
public/images/country-flag-16X16/Egypt.png,408,.png
public/images/country-flag-16X16/El Salvador.png,450,.png
public/images/country-flag-16X16/england.png,388,.png
public/images/country-flag-16X16/Equatorial Guinea.png,536,.png
public/images/country-flag-16X16/Eritrea.png,645,.png
public/images/country-flag-16X16/Estonia.png,380,.png
public/images/country-flag-16X16/Ethiopia.png,566,.png
public/images/country-flag-16X16/European Union.png,642,.png
public/images/country-flag-16X16/Faroes.png,462,.png
public/images/country-flag-16X16/Fiji.png,575,.png
public/images/country-flag-16X16/Finland.png,405,.png
public/images/country-flag-16X16/france.png,446,.png
public/images/country-flag-16X16/Gabon.png,400,.png
public/images/country-flag-16X16/Gambia.png,398,.png
public/images/country-flag-16X16/Georgia.png,509,.png
public/images/country-flag-16X16/Germany.png,391,.png
public/images/country-flag-16X16/Ghana.png,453,.png
public/images/country-flag-16X16/Gibraltar.png,516,.png
public/images/country-flag-16X16/Greece.png,433,.png
public/images/country-flag-16X16/Greenland.png,521,.png
public/images/country-flag-16X16/Grenada.png,683,.png
public/images/country-flag-16X16/Guadeloupe.png,509,.png
public/images/country-flag-16X16/Guademala.png,549,.png
public/images/country-flag-16X16/Guam.png,532,.png
public/images/country-flag-16X16/Guernsey.png,501,.png
public/images/country-flag-16X16/Guinea-Bissau.png,465,.png
public/images/country-flag-16X16/Guinea.png,453,.png
public/images/country-flag-16X16/Guyana.png,686,.png
public/images/country-flag-16X16/Haiti.png,392,.png
public/images/country-flag-16X16/Honduras.png,432,.png
public/images/country-flag-16X16/hong-kong.png,611,.png
public/images/country-flag-16X16/Hungary.png,369,.png
public/images/country-flag-16X16/Iceland.png,494,.png
public/images/country-flag-16X16/India.png,431,.png
public/images/country-flag-16X16/Indonesia.png,333,.png
public/images/country-flag-16X16/Iran.png,471,.png
public/images/country-flag-16X16/Iraq.png,475,.png
public/images/country-flag-16X16/Ireland.png,432,.png
public/images/country-flag-16X16/Islamic Conference.png,681,.png
public/images/country-flag-16X16/Isle of Man.png,543,.png
public/images/country-flag-16X16/Israel.png,468,.png
public/images/country-flag-16X16/Italy.png,440,.png
public/images/country-flag-16X16/Jamaica.png,711,.png
public/images/country-flag-16X16/Japan.png,471,.png
public/images/country-flag-16X16/Jersey.png,632,.png
public/images/country-flag-16X16/Jordan.png,521,.png
public/images/country-flag-16X16/Kazakhstan.png,601,.png
public/images/country-flag-16X16/Kenya.png,631,.png
public/images/country-flag-16X16/Kiribati.png,679,.png
public/images/country-flag-16X16/Kosovo.png,609,.png
public/images/country-flag-16X16/Kuwait.png,476,.png
public/images/country-flag-16X16/Kyrgyzstan.png,525,.png
public/images/country-flag-16X16/Laos.png,530,.png
public/images/country-flag-16X16/Latvia.png,367,.png
public/images/country-flag-16X16/Lebanon.png,491,.png
public/images/country-flag-16X16/Lesotho.png,639,.png
public/images/country-flag-16X16/Liberia.png,457,.png
public/images/country-flag-16X16/Libya.png,383,.png
public/images/country-flag-16X16/Liechtenstein.png,462,.png
public/images/country-flag-16X16/Lithuania.png,395,.png
public/images/country-flag-16X16/Luxembourg.png,367,.png
public/images/country-flag-16X16/Macao.png,647,.png
public/images/country-flag-16X16/Macedonia.png,690,.png
public/images/country-flag-16X16/Madagascar.png,380,.png
public/images/country-flag-16X16/Malawi.png,485,.png
public/images/country-flag-16X16/Malaysia.png,509,.png
public/images/country-flag-16X16/Maldives.png,537,.png
public/images/country-flag-16X16/Mali.png,463,.png
public/images/country-flag-16X16/Malta.png,410,.png
public/images/country-flag-16X16/Marshall Islands.png,698,.png
public/images/country-flag-16X16/Martinique.png,604,.png
public/images/country-flag-16X16/Mauritania.png,567,.png
public/images/country-flag-16X16/Mauritius.png,416,.png
public/images/country-flag-16X16/Mexico.png,526,.png
public/images/country-flag-16X16/Micronesia.png,565,.png
public/images/country-flag-16X16/Moldova.png,548,.png
public/images/country-flag-16X16/Monaco.png,333,.png
public/images/country-flag-16X16/Mongolia.png,546,.png
public/images/country-flag-16X16/Montenegro.png,555,.png
public/images/country-flag-16X16/Montserrat.png,592,.png
public/images/country-flag-16X16/Morocco.png,479,.png
public/images/country-flag-16X16/Mozambique.png,539,.png
public/images/country-flag-16X16/Myanmar(Burma).png,451,.png
public/images/country-flag-16X16/Namibia.png,717,.png
public/images/country-flag-16X16/NATO.png,545,.png
public/images/country-flag-16X16/Nauru.png,465,.png
public/images/country-flag-16X16/Nepal.png,634,.png
public/images/country-flag-16X16/Netherlands Antilles.png,477,.png
public/images/country-flag-16X16/Netherlands.png,367,.png
public/images/country-flag-16X16/New Caledonia.png,608,.png
public/images/country-flag-16X16/New Zealand.png,623,.png
public/images/country-flag-16X16/Nicaragua.png,431,.png
public/images/country-flag-16X16/Niger.png,442,.png
public/images/country-flag-16X16/Nigeria.png,441,.png
public/images/country-flag-16X16/North Korea.png,480,.png
public/images/country-flag-16X16/Northern Cyprus.png,495,.png
public/images/country-flag-16X16/Northern Ireland.png,425,.png
public/images/country-flag-16X16/Norway.png,485,.png
public/images/country-flag-16X16/Olimpic Movement.png,574,.png
public/images/country-flag-16X16/Oman.png,446,.png
public/images/country-flag-16X16/OPEC.png,633,.png
public/images/country-flag-16X16/Pakistan.png,600,.png
public/images/country-flag-16X16/Palau.png,610,.png
public/images/country-flag-16X16/Palestine.png,516,.png
public/images/country-flag-16X16/Panama.png,514,.png
public/images/country-flag-16X16/Papua New Guinea.png,629,.png
public/images/country-flag-16X16/Paraguay.png,442,.png
public/images/country-flag-16X16/Peru.png,536,.png
public/images/country-flag-16X16/Philippines.png,516,.png
public/images/country-flag-16X16/Poland.png,316,.png
public/images/country-flag-16X16/Portugal.png,591,.png
public/images/country-flag-16X16/Puerto Rico.png,498,.png
public/images/country-flag-16X16/Qatar.png,458,.png
public/images/country-flag-16X16/Red Cross.png,343,.png
public/images/country-flag-16X16/Reunion.png,488,.png
public/images/country-flag-16X16/Romania.png,461,.png
public/images/country-flag-16X16/russian.png,350,.png
public/images/country-flag-16X16/Rwanda.png,437,.png
public/images/country-flag-16X16/Saint Lucia.png,631,.png
public/images/country-flag-16X16/Samoa.png,492,.png
public/images/country-flag-16X16/San Marino.png,552,.png
public/images/country-flag-16X16/Sao Tome & Principe.png,568,.png
public/images/country-flag-16X16/Saudi Arabia.png,560,.png
public/images/country-flag-16X16/Scotland.png,748,.png
public/images/country-flag-16X16/Senegal.png,512,.png
public/images/country-flag-16X16/Serbia.png,542,.png
public/images/country-flag-16X16/Seyshelles.png,677,.png
public/images/country-flag-16X16/Sierra Leone.png,377,.png
public/images/country-flag-16X16/Singapore.png,409,.png
public/images/country-flag-16X16/Slovakia.png,495,.png
public/images/country-flag-16X16/Slovenia.png,468,.png
public/images/country-flag-16X16/Solomon Islands.png,649,.png
public/images/country-flag-16X16/Somalia.png,514,.png
public/images/country-flag-16X16/Somaliland.png,490,.png
public/images/country-flag-16X16/South Afriica.png,600,.png
public/images/country-flag-16X16/South Korea.png,658,.png
public/images/country-flag-16X16/spain.png,493,.png
public/images/country-flag-16X16/Sri Lanka.png,586,.png
public/images/country-flag-16X16/St Kitts & Nevis.png,662,.png
public/images/country-flag-16X16/St Vincent & the Grenadines.png,610,.png
public/images/country-flag-16X16/Sudan.png,498,.png
public/images/country-flag-16X16/Suriname.png,470,.png
public/images/country-flag-16X16/Swaziland.png,594,.png
public/images/country-flag-16X16/Sweden.png,472,.png
public/images/country-flag-16X16/Switzerland.png,434,.png
public/images/country-flag-16X16/Syria.png,422,.png
public/images/country-flag-16X16/Tahiti(French Polinesia).png,476,.png
public/images/country-flag-16X16/Taiwan.png,461,.png
public/images/country-flag-16X16/Tajikistan.png,436,.png
public/images/country-flag-16X16/Tanzania.png,655,.png
public/images/country-flag-16X16/Thailand.png,356,.png
public/images/country-flag-16X16/Timor-Leste.png,569,.png
public/images/country-flag-16X16/Togo.png,494,.png
public/images/country-flag-16X16/Tonga.png,427,.png
public/images/country-flag-16X16/Trinidad & Tobago.png,690,.png
public/images/country-flag-16X16/Tunisia.png,578,.png
public/images/country-flag-16X16/Turkey.png,575,.png
public/images/country-flag-16X16/Turkmenistan.png,553,.png
public/images/country-flag-16X16/Turks and Caicos Islands.png,604,.png
public/images/country-flag-16X16/Tuvalu.png,601,.png
public/images/country-flag-16X16/Uganda.png,536,.png
public/images/country-flag-16X16/Ukraine.png,399,.png
public/images/country-flag-16X16/United Arab Emirates.png,446,.png
public/images/country-flag-16X16/United Kingdom(Great Britain).png,707,.png
public/images/country-flag-16X16/United Nations.png,595,.png
public/images/country-flag-16X16/Uruguay.png,479,.png
public/images/country-flag-16X16/usa.png,488,.png
public/images/country-flag-16X16/Uzbekistan.png,462,.png
public/images/country-flag-16X16/Vanutau.png,570,.png
public/images/country-flag-16X16/Vatican City.png,483,.png
public/images/country-flag-16X16/Venezuela.png,464,.png
public/images/country-flag-16X16/Viet Nam.png,520,.png
public/images/country-flag-16X16/Virgin Islands British.png,618,.png
public/images/country-flag-16X16/Virgin Islands US.png,612,.png
public/images/country-flag-16X16/Wales.png,700,.png
public/images/country-flag-16X16/Western Sahara.png,536,.png
public/images/country-flag-16X16/Yemen.png,362,.png
public/images/country-flag-16X16/Zambia.png,527,.png
public/images/country-flag-16X16/Zimbabwe.png,591,.png
public/images/crafto-landing-page-animated-particles.jpg,31972,.jpg
public/images/crafto-landing-page-beautiful-text-animations.jpg,37115,.jpg
public/images/crafto-landing-page-bg-01.png,424939,.png
public/images/crafto-landing-page-bg-02.png,214378,.png
public/images/crafto-landing-page-bg-03.png,283923,.png
public/images/crafto-landing-page-bg-04.png,365510,.png
public/images/crafto-landing-page-bg-05.png,123614,.png
public/images/crafto-landing-page-bg-06.png,416285,.png
public/images/crafto-landing-page-bg-img.jpg,723329,.jpg
public/images/crafto-landing-page-blog.jpg,118781,.jpg
public/images/crafto-landing-page-bootstrap-5-icon.jpg,8251,.jpg
public/images/crafto-landing-page-bootstrap-5-x-framework.jpg,52835,.jpg
public/images/crafto-landing-page-contact-form-icon.jpg,6912,.jpg
public/images/crafto-landing-page-crafting-code-excellence.jpg,57131,.jpg
public/images/crafto-landing-page-ecommerce.jpg,92491,.jpg
public/images/crafto-landing-page-envato-icon.svg,857,.svg
public/images/crafto-landing-page-exclusive components.jpg,56024,.jpg
public/images/crafto-landing-page-features-ico-01.png,3076,.png
public/images/crafto-landing-page-features-ico-02.png,1292,.png
public/images/crafto-landing-page-features-ico-03.png,1387,.png
public/images/crafto-landing-page-features-ico-04.png,3496,.png
public/images/crafto-landing-page-features-ico-05.png,3058,.png
public/images/crafto-landing-page-features-ico-06.png,2261,.png
public/images/crafto-landing-page-features-ico-07.png,3079,.png
public/images/crafto-landing-page-features-ico-08.png,2691,.png
public/images/crafto-landing-page-features-ico-09.png,1832,.png
public/images/crafto-landing-page-features-ico-10.png,1834,.png
public/images/crafto-landing-page-fully-responsive-layouts.jpg,54217,.jpg
public/images/crafto-landing-page-google-font-icon.jpg,9142,.jpg
public/images/crafto-landing-page-hero-section-bg.jpg,606636,.jpg
public/images/crafto-landing-page-hero-section-img.png,1419335,.png
public/images/crafto-landing-page-hero-section-seal.png,26508,.png
public/images/crafto-landing-page-img-01.png,3937,.png
public/images/crafto-landing-page-img-02.png,2903,.png
public/images/crafto-landing-page-img-03.png,51114,.png
public/images/crafto-landing-page-img-04.png,11906,.png
public/images/crafto-landing-page-img-05.png,20339,.png
public/images/crafto-landing-page-img-06.png,17067,.png
public/images/crafto-landing-page-img-07.png,16179,.png
public/images/crafto-landing-page-img-08.png,5589,.png
public/images/crafto-landing-page-img-09.png,169060,.png
public/images/crafto-landing-page-img-10.png,3419,.png
public/images/crafto-landing-page-isotope-filtering-icon.jpg,9759,.jpg
public/images/crafto-landing-page-magnific-popup-icon.jpg,8438,.jpg
public/images/crafto-landing-page-mailchimp-icon.jpg,9976,.jpg
public/images/crafto-landing-page-outstanding-performance.jpg,32958,.jpg
public/images/crafto-landing-page-perfect-pre-built-inner-pages.jpg,41601,.jpg
public/images/crafto-landing-page-portfolio.jpg,190917,.jpg
public/images/crafto-landing-page-powerful-marketing-popup.jpg,44790,.jpg
public/images/crafto-landing-page-sass-css-with-superpowers.jpg,34677,.jpg
public/images/crafto-landing-page-slider-revolution-icon.jpg,7329,.jpg
public/images/crafto-landing-page-specialized-features-bg.svg,663,.svg
public/images/crafto-landing-page-specialized-features.png,402959,.png
public/images/crafto-landing-page-stroke.png,727,.png
public/images/crafto-landing-page-swiper-slider-icon.jpg,9124,.jpg
public/images/crafto-landing-page-templates-slider-01.jpg,80523,.jpg
public/images/crafto-landing-page-templates-slider-02.jpg,98712,.jpg
public/images/crafto-landing-page-templates-slider-03.jpg,108267,.jpg
public/images/crafto-landing-page-templates-slider-04.jpg,70721,.jpg
public/images/crafto-landing-page-templates-slider-05.jpg,79461,.jpg
public/images/crafto-landing-page-templates-slider-06.jpg,93558,.jpg
public/images/crafto-landing-page-templates-slider-07.jpg,197089,.jpg
public/images/crafto-landing-page-templates-slider-08.jpg,138953,.jpg
public/images/crafto-landing-page-templates-slider-09.jpg,145192,.jpg
public/images/crafto-landing-page-templates-slider-10.jpg,90749,.jpg
public/images/crafto-landing-page-themezaa-seal-01.png,28588,.png
public/images/crafto-landing-page-themezaa-seal-02.png,9954,.png
public/images/crafto-landing-page-tnstagram-icon.jpg,10018,.jpg
public/images/crafto-landing-page-unique-animations.jpg,29184,.jpg
public/images/crafto-landing-page-unique-header-and-mega-menucrafto-landing-page-unique-header-and-mega-menu.jpg,37780,.jpg
public/images/crafto-landing-page-w3c-validation-icon.jpg,4242,.jpg
public/images/crafto-maintenance-logo.png,2625,.png
public/images/data.jpg,55632,.jpg
public/images/demo-3d-parallax-bg.jpg,110725,.jpg
public/images/demo-3d-parallax-hover-bg2.jpg,172905,.jpg
public/images/demo-accounting-blog-single-creative-03.png,1122,.png
public/images/demo-accounting-company-icon-04.svg,16208,.svg
public/images/demo-accounting-company-icon-05.svg,18735,.svg
public/images/demo-accounting-company-icon-06.svg,17777,.svg
public/images/demo-accounting-company-icon01.svg,5556,.svg
public/images/demo-accounting-company-icon02.svg,5401,.svg
public/images/demo-accounting-company-icon03.svg,6484,.svg
public/images/demo-accounting-home-left-img.jpg,3505,.jpg
public/images/demo-accounting-home-quote-img.png,638,.png
public/images/demo-accounting-logo-black.png,1402,.png
public/images/demo-accounting-logo-black@2x.png,2456,.png
public/images/demo-accounting-logo-white.png,1388,.png
public/images/demo-accounting-logo-white@2x.png,2351,.png
public/images/demo-accounting.jpg,52339,.jpg
public/images/demo-application-about-bg-left.png,28128,.png
public/images/demo-application-about-bg-right.png,47258,.png
public/images/demo-application-home-05.jpg,32913,.jpg
public/images/demo-application-home-banner.jpg,287857,.jpg
public/images/demo-application-home-bg-left.png,132182,.png
public/images/demo-application-home-bg-right.png,428437,.png
public/images/demo-application-home-slider-bg.jpg,33901,.jpg
public/images/demo-application-how-it-works-bg-01.jpg,29619,.jpg
public/images/demo-application-logo-black.png,1339,.png
public/images/demo-application-logo-black@2x.png,2303,.png
public/images/demo-application-logo-white.png,896,.png
public/images/demo-application-logo-white@2x.png,1467,.png
public/images/demo-application-page-title-bg.jpg,116755,.jpg
public/images/demo-application.jpg,46767,.jpg
public/images/demo-architecture-dotted-pattern.svg,479,.svg
public/images/demo-architecture-footer-logo.png,1533,.png
public/images/demo-architecture-footer-logo@2x.png,2301,.png
public/images/demo-architecture-home-11.png,2184,.png
public/images/demo-architecture-home-12.png,5001,.png
public/images/demo-architecture-logo-black.png,819,.png
public/images/demo-architecture-logo-black@2x.png,1289,.png
public/images/demo-architecture-logo-white.png,833,.png
public/images/demo-architecture-logo-white@2x.png,1322,.png
public/images/demo-architecture-signechar.png,1431,.png
public/images/demo-architecture.jpg,54958,.jpg
public/images/demo-barber-home-bg-down.png,10696,.png
public/images/demo-barber-home-bg-up.png,11598,.png
public/images/demo-barber-icon-01.svg,3071,.svg
public/images/demo-barber-icon-02.svg,3205,.svg
public/images/demo-barber-icon-03.svg,2547,.svg
public/images/demo-barber-icon-04.svg,3465,.svg
public/images/demo-barber-logo-black.png,3440,.png
public/images/demo-barber-logo-black@2x.png,7493,.png
public/images/demo-barber.jpg,69511,.jpg
public/images/demo-beauty-salon-banner-img.png,3780,.png
public/images/demo-beauty-salon-home-banner-bg.png,13848,.png
public/images/demo-beauty-salon-home-bg-04.jpg,215601,.jpg
public/images/demo-beauty-salon-logo-black.png,1860,.png
public/images/demo-beauty-salon-logo-black@2x.png,3573,.png
public/images/demo-beauty-salon-logo-white.png,1889,.png
public/images/demo-beauty-salon-logo-white@2x.png,3502,.png
public/images/demo-beauty-salon-review-03.jpg,53315,.jpg
public/images/demo-beauty-salon-story-02.png,4534,.png
public/images/demo-beauty-salon-title-bg.jpg,85956,.jpg
public/images/demo-beauty-salon.jpg,53834,.jpg
public/images/demo-blocks-portfolio-hero-bg.jpg,115562,.jpg
public/images/demo-blocks-portfolio-logo-black.svg,11287,.svg
public/images/demo-blocks-portfolio-logo-icon.svg,489,.svg
public/images/demo-blocks-portfolio-menu-bg.jpg,135666,.jpg
public/images/demo-blocks-portfolio-title-elements-01.svg,184,.svg
public/images/demo-blocks-portfolio.jpg,142135,.jpg
public/images/demo-blogger-about-03.png,2429,.png
public/images/demo-blogger-about-04.png,792,.png
public/images/demo-blogger-footer-logo-black.png,2167,.png
public/images/demo-blogger-footer-logo-black@2x.png,5266,.png
public/images/demo-blogger-logo-black.png,961,.png
public/images/demo-blogger-logo-black@2x.png,1778,.png
public/images/demo-blogger.jpg,58913,.jpg
public/images/demo-branding-agency-about-01.png,2556,.png
public/images/demo-branding-agency-about-02.png,420,.png
public/images/demo-branding-agency-logo-black.png,1246,.png
public/images/demo-branding-agency-logo-black@2x.png,1398,.png
public/images/demo-branding-agency-pattern.svg,4399,.svg
public/images/demo-branding-agency-white-logo.png,1194,.png
public/images/demo-branding-agency-white-logo@2x.png,1398,.png
public/images/demo-branding-agency.jpg,66732,.jpg
public/images/demo-branding-studio-10.png,105449,.png
public/images/demo-branding-studio-about-01.png,19577,.png
public/images/demo-branding-studio-about-02.png,5524,.png
public/images/demo-branding-studio-bg-01.jpg,98516,.jpg
public/images/demo-branding-studio-blog-bg-img.jpg,50559,.jpg
public/images/demo-branding-studio-circle-01.png,15306,.png
public/images/demo-branding-studio-circle-02.png,5343,.png
public/images/demo-branding-studio-client-01.svg,5196,.svg
public/images/demo-branding-studio-client-02.svg,2835,.svg
public/images/demo-branding-studio-client-03.svg,5617,.svg
public/images/demo-branding-studio-client-04.svg,2096,.svg
public/images/demo-branding-studio-client-05.svg,8697,.svg
public/images/demo-branding-studio-client-06.svg,3332,.svg
public/images/demo-branding-studio-client-07.svg,2489,.svg
public/images/demo-branding-studio-client-08.svg,3298,.svg
public/images/demo-branding-studio-footer-bg-img.jpg,53256,.jpg
public/images/demo-branding-studio-icon-01.svg,2126,.svg
public/images/demo-branding-studio-icon-02.svg,1224,.svg
public/images/demo-branding-studio-icon-03.svg,746,.svg
public/images/demo-branding-studio-logo-black.png,3279,.png
public/images/demo-branding-studio-logo-black@2x.png,6501,.png
public/images/demo-branding-studio-logo-white.png,1548,.png
public/images/demo-branding-studio-logo-white@2x.png,3222,.png
public/images/demo-branding-studio-services-icon-01.svg,1036,.svg
public/images/demo-branding-studio-services-icon-02.svg,1735,.svg
public/images/demo-branding-studio-services-icon-03.svg,2483,.svg
public/images/demo-branding-studio-services-icon-04.svg,2084,.svg
public/images/demo-branding-studio.jpg,62646,.jpg
public/images/demo-business-logo-black.png,1033,.png
public/images/demo-business-logo-black@2x.png,1674,.png
public/images/demo-business-logo-white.png,1033,.png
public/images/demo-business-logo-white@2x.png,1678,.png
public/images/demo-business.jpg,55578,.jpg
public/images/demo-charity-about-bg-01.jpg,30709,.jpg
public/images/demo-charity-causes-bg.jpg,28381,.jpg
public/images/demo-charity-contact-bg.png,20175,.png
public/images/demo-charity-home-bg-01.jpg,3785,.jpg
public/images/demo-charity-home-bg-02.jpg,30729,.jpg
public/images/demo-charity-home-bg-03.jpg,54526,.jpg
public/images/demo-charity-home-bg-04.jpg,34402,.jpg
public/images/demo-charity-home-bg-05.jpg,3907,.jpg
public/images/demo-charity-home-bg-06.jpg,4110,.jpg
public/images/demo-charity-home-bg-07.png,16759,.png
public/images/demo-charity-logo-black.png,3267,.png
public/images/demo-charity-logo-black@2x.png,5705,.png
public/images/demo-charity-logo-white.png,2301,.png
public/images/demo-charity-logo-white@2x.png,4512,.png
public/images/demo-charity-volunteer-01.png,21061,.png
public/images/demo-charity.jpg,71712,.jpg
public/images/demo-clothing-store-about-03.png,6027,.png
public/images/demo-clothing-store-about-04.png,1518,.png
public/images/demo-clothing-store-about-icon-01.png,6353,.png
public/images/demo-clothing-store-about-icon-02.png,5719,.png
public/images/demo-clothing-store-about-icon-03.png,5955,.png
public/images/demo-clothing-store-about-icon-04.png,5854,.png
public/images/demo-clothing-store-blog-details-01.jpg,5857,.jpg
public/images/demo-clothing-store-contact-02.png,22996,.png
public/images/demo-clothing-store-contact-03.png,15801,.png
public/images/demo-clothing-store-contact-form-bg.jpg,30820,.jpg
public/images/demo-clothing-store-icon-01.svg,2435,.svg
public/images/demo-clothing-store-icon-02.svg,1395,.svg
public/images/demo-clothing-store-icon-03.svg,4139,.svg
public/images/demo-clothing-store-icon-04.svg,5167,.svg
public/images/demo-clothing-store-logo-black.png,1790,.png
public/images/demo-clothing-store-logo-black@2x.png,3281,.png
public/images/demo-clothing-store-logo-white.png,1285,.png
public/images/demo-clothing-store-logo-white@2x.png,2436,.png
public/images/demo-clothing-store-tab-bg-element.jpg,12482,.jpg
public/images/demo-clothing-store.jpg,99721,.jpg
public/images/demo-conference-02.png,2208,.png
public/images/demo-conference-about-bg.png,27703,.png
public/images/demo-conference-experts-bg.png,11180,.png
public/images/demo-conference-logo-black.png,1233,.png
public/images/demo-conference-logo-black@2x.png,2437,.png
public/images/demo-conference-logo-white.png,1166,.png
public/images/demo-conference-logo-white@2x.png,2379,.png
public/images/demo-conference-page-bg.jpg,41896,.jpg
public/images/demo-conference-schedule-bg.png,5261,.png
public/images/demo-conference.jpg,63671,.jpg
public/images/demo-consulting-logo-black.png,1811,.png
public/images/demo-consulting-logo-black@2x.png,3314,.png
public/images/demo-consulting-logo-white.png,1165,.png
public/images/demo-consulting-logo-white@2x.png,2121,.png
public/images/demo-consulting.jpg,62725,.jpg
public/images/demo-corporate-02.png,19979,.png
public/images/demo-corporate-03.png,8536,.png
public/images/demo-corporate-about-01.png,6088,.png
public/images/demo-corporate-logo-black.png,931,.png
public/images/demo-corporate-logo-black@2x.png,1774,.png
public/images/demo-corporate-services-06.png,1831,.png
public/images/demo-corporate.jpg,64392,.jpg
public/images/demo-cryptocurrency-app-store.svg,17273,.svg
public/images/demo-cryptocurrency-bg-01.jpg,131113,.jpg
public/images/demo-cryptocurrency-bg-02.jpg,258291,.jpg
public/images/demo-cryptocurrency-bg-03.jpg,115578,.jpg
public/images/demo-cryptocurrency-bg-04.jpg,5010,.jpg
public/images/demo-cryptocurrency-bg-05.jpg,117281,.jpg
public/images/demo-cryptocurrency-bg-06.jpg,164638,.jpg
public/images/demo-cryptocurrency-footer-logo.png,1305,.png
public/images/demo-cryptocurrency-footer-logo@2x.png,2277,.png
public/images/demo-cryptocurrency-google-play-icon.svg,12257,.svg
public/images/demo-cryptocurrency-hero-bg.jpg,421158,.jpg
public/images/demo-cryptocurrency-highlight-separator-02.svg,29402,.svg
public/images/demo-cryptocurrency-highlight-separator-small.svg,15384,.svg
public/images/demo-cryptocurrency-highlight-separator-very-small.svg,29609,.svg
public/images/demo-cryptocurrency-highlight-separator.svg,38626,.svg
public/images/demo-cryptocurrency-icon-01.svg,2104,.svg
public/images/demo-cryptocurrency-icon-02.svg,892,.svg
public/images/demo-cryptocurrency-icon-03.svg,16707,.svg
public/images/demo-cryptocurrency-icon-04.svg,1408,.svg
public/images/demo-cryptocurrency-icon-05.svg,1315,.svg
public/images/demo-cryptocurrency-icon-06.svg,963,.svg
public/images/demo-cryptocurrency-icon-07.svg,4228,.svg
public/images/demo-cryptocurrency-icon-08.svg,12356,.svg
public/images/demo-cryptocurrency-icon-09.svg,2268,.svg
public/images/demo-cryptocurrency-logo-white.png,3236,.png
public/images/demo-cryptocurrency-logo-white@2x.png,6397,.png
public/images/demo-cryptocurrency-payment-icon-01.png,1085,.png
public/images/demo-cryptocurrency-payment-icon-02.png,1796,.png
public/images/demo-cryptocurrency-payment-icon-03.png,1354,.png
public/images/demo-cryptocurrency.jpg,65312,.jpg
public/images/demo-data-analysis-bg-06.png,3016,.png
public/images/demo-data-analysis-bg-07.png,4164,.png
public/images/demo-data-analysis-bg-08.png,5645,.png
public/images/demo-data-analysis-logo-black.png,716,.png
public/images/demo-data-analysis-logo-black@2x.png,1590,.png
public/images/demo-data-analysis-pricing-01.jpg,10583,.jpg
public/images/demo-data-analysis-testimonials-01.jpg,10675,.jpg
public/images/demo-data-analysis-title-bg.jpg,27152,.jpg
public/images/demo-data-analysis.jpg,51252,.jpg
public/images/demo-decor-store-about-02.png,1900,.png
public/images/demo-decor-store-footer-bg.jpg,103345,.jpg
public/images/demo-decor-store-logo-black.png,858,.png
public/images/demo-decor-store-logo-black@2x.png,1669,.png
public/images/demo-decor-store-logo-white.png,858,.png
public/images/demo-decor-store-logo-white@2x.png,1669,.png
public/images/demo-decor-store-product-slider-bg-img.jpg,22042,.jpg
public/images/demo-decor-store-slider-01-img-02.jpg,41934,.jpg
public/images/demo-decor-store-slider-01-img-03.jpg,41962,.jpg
public/images/demo-decor-store-slider-02-img-05.jpg,28081,.jpg
public/images/demo-decor-store-slider-02-img-06.jpg,27627,.jpg
public/images/demo-decor-store-slider-03-img-08.jpg,94049,.jpg
public/images/demo-decor-store-slider-03-img-09.jpg,67987,.jpg
public/images/demo-decor-store-title-bg.jpg,84069,.jpg
public/images/demo-decor-store.jpg,53234,.jpg
public/images/demo-design-agency-footer-logo-black.png,1061,.png
public/images/demo-design-agency-footer-logo-black@2x.png,1765,.png
public/images/demo-design-agency-logo-black.png,577,.png
public/images/demo-design-agency-logo-black@2x.png,877,.png
public/images/demo-design-agency-vertical-line-bg.svg,546,.svg
public/images/demo-design-agency-vertical-line-footer-bg.svg,557,.svg
public/images/demo-design-agency.jpg,46674,.jpg
public/images/demo-digital-agency-01.png,1956,.png
public/images/demo-digital-agency-about-play-text.png,2177,.png
public/images/demo-digital-agency-about-play.png,2487,.png
public/images/demo-digital-agency-awwards.svg,3283,.svg
public/images/demo-digital-agency-blog-detail-01.png,1126,.png
public/images/demo-digital-agency-envato.svg,6529,.svg
public/images/demo-digital-agency-footer-logo.jpg,2399,.jpg
public/images/demo-digital-agency-footer-logo@2x.jpg,3545,.jpg
public/images/demo-digital-agency-highlight-separator.png,2015,.png
public/images/demo-digital-agency-logo-black.jpg,2220,.jpg
public/images/demo-digital-agency-logo-black@2x.jpg,3168,.jpg
public/images/demo-digital-agency-rtl.jpg,72355,.jpg
public/images/demo-digital-agency.jpg,51436,.jpg
public/images/demo-ebook-01.jpg,3599,.jpg
public/images/demo-ebook-bg.jpg,170366,.jpg
public/images/demo-ebook-logo-black.png,908,.png
public/images/demo-ebook-logo-black@2x.png,1475,.png
public/images/demo-ebook-logo-white.png,933,.png
public/images/demo-ebook-logo-white@2x.png,1508,.png
public/images/demo-ebook-sign.png,1451,.png
public/images/demo-ebook.jpg,61536,.jpg
public/images/demo-elder-care-01.png,4707,.png
public/images/demo-elder-care-02.png,1215,.png
public/images/demo-elder-care-04.png,13802,.png
public/images/demo-elder-care-05.png,11194,.png
public/images/demo-elder-care-06.png,2824,.png
public/images/demo-elder-care-07.png,3742,.png
public/images/demo-elder-care-08.jpg,42036,.jpg
public/images/demo-elder-care-08.png,3785,.png
public/images/demo-elder-care-09.png,1254,.png
public/images/demo-elder-care-blog-single-creative-03.png,2533,.png
public/images/demo-elder-care-hero-banner-02.png,45378,.png
public/images/demo-elder-care-hero-bg.jpg,98001,.jpg
public/images/demo-elder-care-logo-black.png,5492,.png
public/images/demo-elder-care-logo-black@2x.png,13977,.png
public/images/demo-elder-care-logo-white.png,6061,.png
public/images/demo-elder-care-logo-white@2x.png,15797,.png
public/images/demo-elder-care-title-bg.jpg,11873,.jpg
public/images/demo-elder-care.jpg,65976,.jpg
public/images/demo-elearning-01.png,6268,.png
public/images/demo-elearning-02.png,6249,.png
public/images/demo-elearning-04.png,35589,.png
public/images/demo-elearning-06.png,7808,.png
public/images/demo-elearning-bg-04.png,11527,.png
public/images/demo-elearning-bg-05.png,7116,.png
public/images/demo-elearning-bg-06.png,3847,.png
public/images/demo-elearning-border.jpg,1941,.jpg
public/images/demo-elearning-contact-bg-01.png,5233,.png
public/images/demo-elearning-footer-logo.png,1152,.png
public/images/demo-elearning-footer-logo@2x.png,2110,.png
public/images/demo-elearning-hero-banner-02.png,11890,.png
public/images/demo-elearning-hero-bg.jpg,112111,.jpg
public/images/demo-elearning-logo-black.png,1402,.png
public/images/demo-elearning-logo-black@2x.png,2528,.png
public/images/demo-elearning-logo-white.png,1408,.png
public/images/demo-elearning-logo-white@2x.png,2557,.png
public/images/demo-elearning-testimonials-bg.png,3873,.png
public/images/demo-elearning.jpg,50675,.jpg
public/images/demo-eleder-care-footer-bottom-bg.jpg,5689,.jpg
public/images/demo-eleder-care-footer-top-bg.jpg,7298,.jpg
public/images/demo-fashion-store-about-02.png,2243,.png
public/images/demo-fashion-store-about-12.png,1974,.png
public/images/demo-fashion-store-logo-black.png,1821,.png
public/images/demo-fashion-store-logo-black@2x.png,3531,.png
public/images/demo-fashion-store-logo-white.png,1314,.png
public/images/demo-fashion-store-logo-white@2x.png,2418,.png
public/images/demo-fashion-store.jpg,61563,.jpg
public/images/demo-finance-logo-black.png,1677,.png
public/images/demo-finance-logo-black@2x.png,3533,.png
public/images/demo-finance-logo-white.png,1971,.png
public/images/demo-finance-logo-white@2x.png,3934,.png
public/images/demo-finance-pricing-bg.jpg,16891,.jpg
public/images/demo-finance.jpg,71282,.jpg
public/images/demo-footer-pattern.svg,4399,.svg
public/images/demo-freelancer-01.png,7677,.png
public/images/demo-freelancer-03.png,149231,.png
public/images/demo-freelancer-04.png,21611,.png
public/images/demo-freelancer-logo-white.png,848,.png
public/images/demo-freelancer-logo-white@2x.png,1118,.png
public/images/demo-freelancer.jpg,71048,.jpg
public/images/demo-green-energy-about-bg-01.jpg,14628,.jpg
public/images/demo-green-energy-about-img-02.jpg,29282,.jpg
public/images/demo-green-energy-about-title-left-bg-01.jpg,13930,.jpg
public/images/demo-green-energy-highlight-separator.svg,29849,.svg
public/images/demo-green-energy-home-01.png,7580,.png
public/images/demo-green-energy-home-a-02.png,26164,.png
public/images/demo-green-energy-home-b-02.png,14752,.png
public/images/demo-green-energy-home-img-04.jpg,67775,.jpg
public/images/demo-green-energy-logo-black.png,5033,.png
public/images/demo-green-energy-logo-black@2x.png,9933,.png
public/images/demo-green-energy-logo-white.png,5333,.png
public/images/demo-green-energy-logo-white@2x.png,12152,.png
public/images/demo-green-energy-map-icon.png,10266,.png
public/images/demo-green-energy-projects-01.png,3438,.png
public/images/demo-green-energy-projects-02.png,4254,.png
public/images/demo-green-energy-projects-03.png,2405,.png
public/images/demo-green-energy-projects-04.png,8793,.png
public/images/demo-green-energy-slider-left-01.jpg,24477,.jpg
public/images/demo-green-energy.jpg,63604,.jpg
public/images/demo-gym-and-fitness-home-04.png,3537,.png
public/images/demo-gym-and-fitness-home-17.png,5278,.png
public/images/demo-gym-and-fitness-logo-black.png,1687,.png
public/images/demo-gym-and-fitness-logo-black@2x.png,3244,.png
public/images/demo-gym-and-fitness-logo-white.png,1605,.png
public/images/demo-gym-and-fitness-logo-white@2x.png,3143,.png
public/images/demo-gym-and-fitness-menu-bg.jpg,48980,.jpg
public/images/demo-gym-and-fitness-trainer-signechar.png,1391,.png
public/images/demo-gym-and-fitness.jpg,58422,.jpg
public/images/demo-horizontal-portfolio-about-awwwards.svg,3378,.svg
public/images/demo-horizontal-portfolio-contact-02.png,548,.png
public/images/demo-horizontal-portfolio-contact-03.png,2509,.png
public/images/demo-horizontal-portfolio-logo.png,521,.png
public/images/demo-horizontal-portfolio-logo@2x.png,870,.png
public/images/demo-horizontal-portfolio.jpg,41504,.jpg
public/images/demo-hosting-footer-bg.jpg,43887,.jpg
public/images/demo-hosting-header-bg.jpg,6287,.jpg
public/images/demo-hosting-home-02.png,2794,.png
public/images/demo-hosting-home-03.jpg,13708,.jpg
public/images/demo-hosting-home-bg.jpg,39482,.jpg
public/images/demo-hosting-home-icon-02.svg,1617,.svg
public/images/demo-hosting-home-icon-03.svg,1682,.svg
public/images/demo-hosting-home-icon-04.svg,1160,.svg
public/images/demo-hosting-home-icon-05.svg,1116,.svg
public/images/demo-hosting-home-icon.svg,806,.svg
public/images/demo-hosting-logo-black.png,1475,.png
public/images/demo-hosting-logo-black@2x.png,2739,.png
public/images/demo-hosting-logo-white.png,1415,.png
public/images/demo-hosting-logo-white@2x.png,2658,.png
public/images/demo-hosting-mobile-menu-bg.jpg,26968,.jpg
public/images/demo-hosting-support-02.jpg,31976,.jpg
public/images/demo-hosting.jpg,58833,.jpg
public/images/demo-hotel-and-resort-about-us-09.png,8258,.png
public/images/demo-hotel-and-resort-amenities-01.jpg,7545,.jpg
public/images/demo-hotel-and-resort-amenities-07.png,13598,.png
public/images/demo-hotel-and-resort-bistro-05.png,7540,.png
public/images/demo-hotel-and-resort-client-01.svg,3249,.svg
public/images/demo-hotel-and-resort-client-02.svg,7158,.svg
public/images/demo-hotel-and-resort-client-03.svg,5029,.svg
public/images/demo-hotel-and-resort-client-04.svg,3591,.svg
public/images/demo-hotel-and-resort-home-10.png,1451,.png
public/images/demo-hotel-and-resort-logo.png,1279,.png
public/images/demo-hotel-and-resort-logo@2x.png,2260,.png
public/images/demo-hotel-and-resort-room-details-01.png,4575,.png
public/images/demo-hotel-and-resort.jpg,64034,.jpg
public/images/demo-interactive-portfolio-logo-white.png,762,.png
public/images/demo-interactive-portfolio-logo-white@2x.png,879,.png
public/images/demo-interactive-portfolio.jpg,57803,.jpg
public/images/demo-interior-design-15.png,30031,.png
public/images/demo-interior-design-16.png,3804,.png
public/images/demo-interior-design-about-graphic-01.jpg,23187,.jpg
public/images/demo-interior-design-about-graphic-02.jpg,17792,.jpg
public/images/demo-interior-design-blog-graphic-01.jpg,26433,.jpg
public/images/demo-interior-design-blog-single-03.jpg,3970,.jpg
public/images/demo-interior-design-contact-graphic-01.jpg,23398,.jpg
public/images/demo-interior-design-graphic-01.jpg,22359,.jpg
public/images/demo-interior-design-graphic-02.jpg,29496,.jpg
public/images/demo-interior-design-graphic-03.jpg,25775,.jpg
public/images/demo-interior-design-graphic-04.png,74275,.png
public/images/demo-interior-design-graphic-05.jpg,41669,.jpg
public/images/demo-interior-design-hero-03.png,5844,.png
public/images/demo-interior-design-hero-bg.jpg,377113,.jpg
public/images/demo-interior-design-icon.svg,335,.svg
public/images/demo-interior-design-logo-black.png,2498,.png
public/images/demo-interior-design-logo-black@2x.png,4955,.png
public/images/demo-interior-design-service-graphic-01.jpg,22683,.jpg
public/images/demo-interior-design-service-icon-01.svg,365,.svg
public/images/demo-interior-design-service-icon-02.svg,213,.svg
public/images/demo-interior-design-service-icon-03.svg,675,.svg
public/images/demo-interior-design-service-icon-04.svg,854,.svg
public/images/demo-interior-design.jpg,142784,.jpg
public/images/demo-it-business-about-bg.jpg,33123,.jpg
public/images/demo-it-business-about-bg2.jpg,33212,.jpg
public/images/demo-it-business-logo-black.png,1420,.png
public/images/demo-it-business-logo-black@2x.png,3130,.png
public/images/demo-it-business-logo-white.png,1434,.png
public/images/demo-it-business-logo-white@2x.png,3112,.png
public/images/demo-it-business.jpg,59180,.jpg
public/images/demo-jewellery-store-footer-bg.jpg,24309,.jpg
public/images/demo-jewellery-store-logo-black.png,920,.png
public/images/demo-jewellery-store-logo-black@2x.png,1645,.png
public/images/demo-jewellery-store-product-listing-metal-01.jpg,1500,.jpg
public/images/demo-jewellery-store-product-listing-metal-02.jpg,1503,.jpg
public/images/demo-jewellery-store-product-listing-metal-03.jpg,1471,.jpg
public/images/demo-jewellery-store.jpg,179491,.jpg
public/images/demo-lawyer-02.jpg,7555,.jpg
public/images/demo-lawyer-home-dotted-pattern.png,2224,.png
public/images/demo-lawyer-journal-details-04.png,1058,.png
public/images/demo-lawyer-logo-black.png,1020,.png
public/images/demo-lawyer-logo-black@2x.png,1945,.png
public/images/demo-lawyer-logo-white.png,1007,.png
public/images/demo-lawyer-logo-white@2x.png,1942,.png
public/images/demo-lawyer-practice-areas-08.jpg,7086,.jpg
public/images/demo-lawyer-practice-areas-icon-01.svg,1623,.svg
public/images/demo-lawyer-practice-areas-icon-02.svg,2064,.svg
public/images/demo-lawyer-practice-areas-icon-03.svg,971,.svg
public/images/demo-lawyer-practice-areas-icon-04.svg,1738,.svg
public/images/demo-lawyer-practice-areas-icon-05.svg,2372,.svg
public/images/demo-lawyer-practice-areas-icon-06.svg,1309,.svg
public/images/demo-lawyer-practice-areas-icon-07.svg,1590,.svg
public/images/demo-lawyer-practice-areas-icon-08.svg,1805,.svg
public/images/demo-lawyer.jpg,60818,.jpg
public/images/demo-lewellery.jpg,61505,.jpg
public/images/demo-logistics-about-01.png,6266,.png
public/images/demo-logistics-about-02.png,17045,.png
public/images/demo-logistics-about-03.png,7984,.png
public/images/demo-logistics-about-04.png,4831,.png
public/images/demo-logistics-client-01.svg,36471,.svg
public/images/demo-logistics-client-02.svg,10711,.svg
public/images/demo-logistics-client-03.svg,6690,.svg
public/images/demo-logistics-client-04.svg,15133,.svg
public/images/demo-logistics-client-05.svg,11669,.svg
public/images/demo-logistics-client-06.svg,11907,.svg
public/images/demo-logistics-diagonal-line-01.svg,4134,.svg
public/images/demo-logistics-home-06.jpg,39545,.jpg
public/images/demo-logistics-home-bg-01.jpg,63700,.jpg
public/images/demo-logistics-logo-black.png,2219,.png
public/images/demo-logistics-logo-black@2x.png,4082,.png
public/images/demo-logistics-logo-white.png,1916,.png
public/images/demo-logistics-logo-white@2x.png,3628,.png
public/images/demo-logistics.jpg,70782,.jpg
public/images/demo-magazine-blog-single-creative-01.png,1096,.png
public/images/demo-magazine-logo-black.png,990,.png
public/images/demo-magazine-logo-black@2x.png,1713,.png
public/images/demo-magazine.jpg,65654,.jpg
public/images/demo-marketing-dot.svg,345,.svg
public/images/demo-marketing-footer-dot.svg,346,.svg
public/images/demo-marketing-home-02.jpg,13872,.jpg
public/images/demo-marketing-logo-black.png,1075,.png
public/images/demo-marketing-logo-black@2x.png,1892,.png
public/images/demo-marketing-logo-white.png,1070,.png
public/images/demo-marketing-logo-white@2x.png,1882,.png
public/images/demo-marketing-strategy-06.png,131136,.png
public/images/demo-marketing-strategy-08.png,7375,.png
public/images/demo-marketing-strategy-about-01.jpg,47293,.jpg
public/images/demo-marketing-strategy-footer-logo.png,10735,.png
public/images/demo-marketing-strategy-hero-01.png,264735,.png
public/images/demo-marketing-strategy-hero-02.png,1863,.png
public/images/demo-marketing-strategy-hero-video-bg.jpg,71301,.jpg
public/images/demo-marketing-strategy-lining-bg.jpg,47289,.jpg
public/images/demo-marketing-strategy-logo-black.png,2112,.png
public/images/demo-marketing-strategy-logo-black@2x.png,4008,.png
public/images/demo-marketing-strategy-portfolio-07.jpg,25617,.jpg
public/images/demo-marketing-strategy-rating-01.png,6036,.png
public/images/demo-marketing-strategy-rating-02.png,6143,.png
public/images/demo-marketing-strategy.jpg,147463,.jpg
public/images/demo-marketing.jpg,63940,.jpg
public/images/demo-medical-hero-banner-bg.jpg,25219,.jpg
public/images/demo-medical-home-07.png,1265,.png
public/images/demo-medical-icon-01.svg,590,.svg
public/images/demo-medical-icon-02.svg,1056,.svg
public/images/demo-medical-icon-03.svg,490,.svg
public/images/demo-medical-icon-04.svg,1000,.svg
public/images/demo-medical-icon-05.svg,871,.svg
public/images/demo-medical-icon-06.svg,543,.svg
public/images/demo-medical-icon-11.svg,1846,.svg
public/images/demo-medical-icon-12.svg,2325,.svg
public/images/demo-medical-icon-13.svg,2401,.svg
public/images/demo-medical-icon-14.svg,4170,.svg
public/images/demo-medical-icon-15.svg,1523,.svg
public/images/demo-medical-icon-16.svg,1662,.svg
public/images/demo-medical-icon-17.svg,3865,.svg
public/images/demo-medical-icon-18.svg,1390,.svg
public/images/demo-medical-logo-black.png,1322,.png
public/images/demo-medical-logo-black@2x.png,2623,.png
public/images/demo-medical-logo-white.png,1324,.png
public/images/demo-medical-logo-white@2x.png,2631,.png
public/images/demo-medical-pattern-white.svg,6012,.svg
public/images/demo-medical-pattern.svg,6012,.svg
public/images/demo-medical.jpg,77874,.jpg
public/images/demo-minimal-portfolio-logo-black.png,398,.png
public/images/demo-minimal-portfolio-logo-black@2x.png,642,.png
public/images/demo-minimal-portfolio-mobile-logo-black@2x.png,773,.png
public/images/demo-minimal-portfolio-pattern.svg,4399,.svg
public/images/demo-minimal-portfolio.jpg,54080,.jpg
public/images/demo-minimalistic-portfolio-10.png,7915,.png
public/images/demo-minimalistic-portfolio-11.png,4503,.png
public/images/demo-minimalistic-portfolio-about-icon-01.svg,728,.svg
public/images/demo-minimalistic-portfolio-about-icon-02.svg,2355,.svg
public/images/demo-minimalistic-portfolio-about-icon-03.svg,1907,.svg
public/images/demo-minimalistic-portfolio-arrow.svg,357,.svg
public/images/demo-minimalistic-portfolio-clients-01.svg,6016,.svg
public/images/demo-minimalistic-portfolio-clients-02.svg,6811,.svg
public/images/demo-minimalistic-portfolio-clients-03.svg,30980,.svg
public/images/demo-minimalistic-portfolio-clients-04.svg,3861,.svg
public/images/demo-minimalistic-portfolio-clients-05.svg,4111,.svg
public/images/demo-minimalistic-portfolio-clients-06.svg,3030,.svg
public/images/demo-minimalistic-portfolio-earth.svg,7070,.svg
public/images/demo-minimalistic-portfolio-menu-white-logo.png,3336,.png
public/images/demo-minimalistic-portfolio-menu-white-logo@2x.png,6925,.png
public/images/demo-minimalistic-portfolio-services-icon-01.svg,1483,.svg
public/images/demo-minimalistic-portfolio-services-icon-02.svg,1961,.svg
public/images/demo-minimalistic-portfolio-services-icon-03.svg,3129,.svg
public/images/demo-minimalistic-portfolio-services-icon-04.svg,6737,.svg
public/images/demo-minimalistic-portfolio-white-logo.png,1395,.png
public/images/demo-minimalistic-portfolio-white-logo@2x.png,2806,.png
public/images/demo-minimalistic-portfolio.jpg,151557,.jpg
public/images/demo-modern-business-about-elements-03.png,44435,.png
public/images/demo-modern-business-about-title-bg.jpg,130973,.jpg
public/images/demo-modern-business-bg-01.png,71965,.png
public/images/demo-modern-business-bg-02.png,894935,.png
public/images/demo-modern-business-contact-map-icon.png,12015,.png
public/images/demo-modern-business-contact-map-icon.svg,9226,.svg
public/images/demo-modern-business-elements-02.png,9188,.png
public/images/demo-modern-business-elements-03.png,21419,.png
public/images/demo-modern-business-elements-04.png,10375,.png
public/images/demo-modern-business-elements-05.png,15033,.png
public/images/demo-modern-business-elements-06.png,21354,.png
public/images/demo-modern-business-elements-07.png,18251,.png
public/images/demo-modern-business-elements-08.svg,3240,.svg
public/images/demo-modern-business-footer-bg.jpg,60571,.jpg
public/images/demo-modern-business-gradient-bg-01.jpg,161923,.jpg
public/images/demo-modern-business-gradient-line.png,71965,.png
public/images/demo-modern-business-hero-bg.jpg,143802,.jpg
public/images/demo-modern-business-logo-black.png,3818,.png
public/images/demo-modern-business-logo-black@2x.png,8463,.png
public/images/demo-modern-business-logo-white.png,2962,.png
public/images/demo-modern-business-logo-white@2x.png,5712,.png
public/images/demo-modern-business-object-blur-01.jpg,23065,.jpg
public/images/demo-modern-business-services-07.png,275548,.png
public/images/demo-modern-business-services-bg-01.jpg,92056,.jpg
public/images/demo-modern-business-services-elements-01.png,62457,.png
public/images/demo-modern-business.jpg,86414,.jpg
public/images/demo-music-onepage-logo-white.png,584,.png
public/images/demo-music-onepage-logo-white@2x.png,942,.png
public/images/demo-music-onepage-vertical-line-bg.svg,557,.svg
public/images/demo-music.jpg,54656,.jpg
public/images/demo-photography-about-round-logo.png,2427,.png
public/images/demo-photography-about-round-text.png,2032,.png
public/images/demo-photography-header-logo-white.png,1137,.png
public/images/demo-photography-header-logo-white@2x.png,1539,.png
public/images/demo-photography-logo-black.png,902,.png
public/images/demo-photography-logo-black@2x.png,1272,.png
public/images/demo-photography-logo-white.png,974,.png
public/images/demo-photography-logo-white@2x.png,1853,.png
public/images/demo-photography.jpg,70416,.jpg
public/images/demo-pizza-parlor-contact-bg-01.jpg,7716,.jpg
public/images/demo-pizza-parlor-home-bg-01.jpg,3863,.jpg
public/images/demo-pizza-parlor-home-bg-03.jpg,4275,.jpg
public/images/demo-pizza-parlor-home-icon-01.svg,4605,.svg
public/images/demo-pizza-parlor-home-icon-02.svg,3205,.svg
public/images/demo-pizza-parlor-home-icon-03.svg,3371,.svg
public/images/demo-pizza-parlor-home-icon-04.svg,2392,.svg
public/images/demo-pizza-parlor-home-icon-05.svg,3395,.svg
public/images/demo-pizza-parlor-home-icon-06.svg,3458,.svg
public/images/demo-pizza-parlor-logo-white.png,2697,.png
public/images/demo-pizza-parlor-logo-white@2x.png,5507,.png
public/images/demo-pizza-parlor-slider-01.png,19018,.png
public/images/demo-pizza-parlor-slider-02.png,4253,.png
public/images/demo-pizza-parlor-slider-03.png,6495,.png
public/images/demo-pizza-parlor-slider-04.png,844,.png
public/images/demo-pizza-parlor-slider-10.jpg,129634,.jpg
public/images/demo-pizza-parlor-slider-11.jpg,69438,.jpg
public/images/demo-pizza-parlor.jpg,86183,.jpg
public/images/demo-product-showcase-logo.png,2275,.png
public/images/demo-product-showcase-logo@2x.png,4036,.png
public/images/demo-product-showcase-rev-slider-02.jpg,1385,.jpg
public/images/demo-product-showcase-rev-slider-02.png,8452,.png
public/images/demo-product.jpg,61455,.jpg
public/images/demo-real-estate-07.png,2370,.png
public/images/demo-real-estate-08.png,3746,.png
public/images/demo-real-estate-blog-single-creative-03.png,1104,.png
public/images/demo-real-estate-icon-apartment.svg,8687,.svg
public/images/demo-real-estate-icon-bath-small.svg,2338,.svg
public/images/demo-real-estate-icon-bath.svg,3168,.svg
public/images/demo-real-estate-icon-bed-small.svg,2754,.svg
public/images/demo-real-estate-icon-bed.svg,1792,.svg
public/images/demo-real-estate-icon-car.svg,3544,.svg
public/images/demo-real-estate-icon-condominium.svg,1532,.svg
public/images/demo-real-estate-icon-home.svg,1458,.svg
public/images/demo-real-estate-icon-office.svg,6338,.svg
public/images/demo-real-estate-icon-shop.svg,3472,.svg
public/images/demo-real-estate-icon-size-small.svg,2445,.svg
public/images/demo-real-estate-icon-swimming.svg,3320,.svg
public/images/demo-real-estate-logo-01.svg,4331,.svg
public/images/demo-real-estate-logo-02.svg,3385,.svg
public/images/demo-real-estate-logo-03.svg,5301,.svg
public/images/demo-real-estate-logo-black.png,1622,.png
public/images/demo-real-estate-logo-black@2x.png,2939,.png
public/images/demo-real-estate-property-details-06.svg,636,.svg
public/images/demo-real-estate-property-details-08.svg,659,.svg
public/images/demo-real-estate-property-details-09.svg,521,.svg
public/images/demo-real-estate-property-details-10.svg,579,.svg
public/images/demo-real-estate-property-details-11.svg,781,.svg
public/images/demo-real-estate-property-details-12.svg,784,.svg
public/images/demo-real-estate-property-details-13.svg,1257,.svg
public/images/demo-real-estate-property-details-14.svg,362,.svg
public/images/demo-real-estate-property-details-15.svg,777,.svg
public/images/demo-real-estate-trustpilot.svg,4716,.svg
public/images/demo-real-estate.jpg,55446,.jpg
public/images/demo-recruitment-about-title-bg.jpg,153064,.jpg
public/images/demo-recruitment-about-video-01.png,3077,.png
public/images/demo-recruitment-about-video-02.png,4164,.png
public/images/demo-recruitment-bg-01.jpg,64369,.jpg
public/images/demo-recruitment-bg-02.jpg,91220,.jpg
public/images/demo-recruitment-bg-03.jpg,22731,.jpg
public/images/demo-recruitment-contact-title-bg.jpg,118403,.jpg
public/images/demo-recruitment-footer-bg.jpg,68004,.jpg
public/images/demo-recruitment-hero-banner-bg.jpg,190059,.jpg
public/images/demo-recruitment-job-details-title-bg.jpg,242579,.jpg
public/images/demo-recruitment-job-post-title-bg.jpg,383207,.jpg
public/images/demo-recruitment-logo-black.png,2821,.png
public/images/demo-recruitment-logo-black@2x.png,5079,.png
public/images/demo-recruitment-logo-white.png,5094,.png
public/images/demo-recruitment-logo-white@2x.png,8630,.png
public/images/demo-recruitment-services-title-bg.jpg,385260,.jpg
public/images/demo-recruitment.jpg,64267,.jpg
public/images/demo-restaurant-about-01.jpg,12504,.jpg
public/images/demo-restaurant-blog-single-page-03.png,1042,.png
public/images/demo-restaurant-home-01.png,5168,.png
public/images/demo-restaurant-home-banner-pattern.png,901,.png
public/images/demo-restaurant-home-quotes-icon.jpg,2424,.jpg
public/images/demo-restaurant-logo-black.png,2447,.png
public/images/demo-restaurant-logo-black@2x.png,4972,.png
public/images/demo-restaurant-logo-white.png,2432,.png
public/images/demo-restaurant-logo-white@2x.png,5035,.png
public/images/demo-restaurant-the-chefs-08.png,1613,.png
public/images/demo-restaurant.jpg,61952,.jpg
public/images/demo-scattered-portfolio-logo-black.png,966,.png
public/images/demo-scattered-portfolio-logo-black@2x.png,1527,.png
public/images/demo-scattered-portfolio.jpg,35922,.jpg
public/images/demo-seo-agency-08.png,2856,.png
public/images/demo-seo-agency-about-bg-01.jpg,45225,.jpg
public/images/demo-seo-agency-about-bg-02.jpg,31552,.jpg
public/images/demo-seo-agency-about-bottom-bg.png,4750,.png
public/images/demo-seo-agency-analysis-bg.png,6086,.png
public/images/demo-seo-agency-bg-02.jpg,33660,.jpg
public/images/demo-seo-agency-bg.jpg,17254,.jpg
public/images/demo-seo-agency-bottom-bg.png,12029,.png
public/images/demo-seo-agency-icon-01.svg,5021,.svg
public/images/demo-seo-agency-icon-02.svg,3822,.svg
public/images/demo-seo-agency-icon-03.svg,4046,.svg
public/images/demo-seo-agency-icon-04.svg,3554,.svg
public/images/demo-seo-agency-logo-black.png,583,.png
public/images/demo-seo-agency-logo-black@2x.png,1039,.png
public/images/demo-seo-agency-particles-img.png,846,.png
public/images/demo-seo-agency-vertical-line-bg.svg,593,.svg
public/images/demo-seo-agency.jpg,53134,.jpg
public/images/demo-spa-salon-about-img-02.png,26614,.png
public/images/demo-spa-salon-contact-map-icon.png,1425,.png
public/images/demo-spa-salon-facility-bg.png,12032,.png
public/images/demo-spa-salon-home-13.png,2995,.png
public/images/demo-spa-salon-home-bg-01.jpg,3794,.jpg
public/images/demo-spa-salon-logo-black.png,693,.png
public/images/demo-spa-salon-logo-black@2x.png,1169,.png
public/images/demo-spa-salon-logo-white.png,2063,.png
public/images/demo-spa-salon-logo-white@2x.png,3866,.png
public/images/demo-spa-salon.jpg,61676,.jpg
public/images/demo-startup-bg-01.png,5348,.png
public/images/demo-startup-logo-black.png,1707,.png
public/images/demo-startup-logo-black@2x.png,5046,.png
public/images/demo-startup-logo-white.png,1699,.png
public/images/demo-startup-logo-white@2x.png,3024,.png
public/images/demo-startup-who-we-are-bg.jpg,25644,.jpg
public/images/demo-startup.jpg,66256,.jpg
public/images/demo-travel-agency-about-bg-02.png,24936,.png
public/images/demo-travel-agency-home-02.png,13550,.png
public/images/demo-travel-agency-home-16.png,4623,.png
public/images/demo-travel-agency-home-bg-02.png,24552,.png
public/images/demo-travel-agency-home-bg-04.png,1185,.png
public/images/demo-travel-agency-home-bg-05.png,21672,.png
public/images/demo-travel-agency-logo-black.png,1541,.png
public/images/demo-travel-agency-logo-black@2x.png,3085,.png
public/images/demo-travel-agency-logo-white.png,1558,.png
public/images/demo-travel-agency-logo-white@2x.png,3124,.png
public/images/demo-travel-agency-slider-04.png,5751,.png
public/images/demo-travel-agency-slider-07.png,57953,.png
public/images/demo-travel-agency.jpg,73586,.jpg
public/images/demo-vertical-portfolio-about-04.png,8517,.png
public/images/demo-vertical-portfolio-bg-01.png,358931,.png
public/images/demo-vertical-portfolio-bg-02.png,95522,.png
public/images/demo-vertical-portfolio-bg-03.jpg,95282,.jpg
public/images/demo-vertical-portfolio-dotted-pattern.svg,479,.svg
public/images/demo-vertical-portfolio-logo-white.png,620,.png
public/images/demo-vertical-portfolio-logo-white@2x.png,933,.png
public/images/demo-vertical-portfolio.jpg,63370,.jpg
public/images/demo-web-agency-02.png,2547,.png
public/images/demo-web-agency-03.png,2177,.png
public/images/demo-web-agency-04.png,13047,.png
public/images/demo-web-agency-05.png,6867,.png
public/images/demo-web-agency-about-02.png,2483,.png
public/images/demo-web-agency-blog-single-creative-05.png,1164,.png
public/images/demo-web-agency-contact-04.png,597,.png
public/images/demo-web-agency-logo-black.png,874,.png
public/images/demo-web-agency-logo-black@2x.png,1561,.png
public/images/demo-web-agency-menu-bg.jpg,71065,.jpg
public/images/demo-web-agency-people-02.png,5506,.png
public/images/demo-web-agency-people-05.png,1389,.png
public/images/demo-web-agency-people-06.png,992,.png
public/images/demo-web-agency.jpg,53343,.jpg
public/images/demo-wedding-invitation-banner-effect.png,15840,.png
public/images/demo-wedding-invitation-banner.png,16666,.png
public/images/demo-wedding-invitation-footer-logo.png,2088,.png
public/images/demo-wedding-invitation-home-effect-01.png,27497,.png
public/images/demo-wedding-invitation-home-effect-02.png,26715,.png
public/images/demo-wedding-invitation-logo-black.png,726,.png
public/images/demo-wedding-invitation-logo-black@2x.png,1278,.png
public/images/demo-wedding-invitation.jpg,63047,.jpg
public/images/demo-yoga-and-meditation-about-03.png,1442,.png
public/images/demo-yoga-and-meditation-about-logo.png,1479,.png
public/images/demo-yoga-and-meditation-bg-04.jpg,22713,.jpg
public/images/demo-yoga-and-meditation-home-bg-01.jpg,120122,.jpg
public/images/demo-yoga-and-meditation-logo-black.png,1506,.png
public/images/demo-yoga-and-meditation-logo-black@2x.png,2889,.png
public/images/demo-yoga-and-meditation-logo-white.png,1479,.png
public/images/demo-yoga-and-meditation-logo-white@2x.png,2908,.png
public/images/demo-yoga-and-meditation-slider-05.png,18877,.png
public/images/demo-yoga-and-meditation-slider-06.png,123,.png
public/images/demo-yoga-and-meditation.jpg,65295,.jpg
public/images/diners-club.svg,2029,.svg
public/images/discover.svg,8577,.svg
public/images/element-page-title-bg.jpg,77689,.jpg
public/images/element-scrolling-effects-style-3-img-08.png,8717,.png
public/images/element-scrolling-effects-style-3-img-09.png,2070,.png
public/images/envato.svg,6529,.svg
public/images/favicon.png,3045,.png
public/images/footer-bg.jpg,706156,.jpg
public/images/footer-elements.svg,399,.svg
public/images/fwa.svg,4709,.svg
public/images/google-icon.svg,1247,.svg
public/images/hcm-extracts-vector.png,32889,.png
public/images/hdl-vector.png,32889,.png
public/images/healthcheck.jpg,112666,.jpg
public/images/highlight-separator-01.svg,225,.svg
public/images/highlight-separator-02.svg,223,.svg
public/images/highlight-separator-03.svg,225,.svg
public/images/highlight-separator-04.svg,231,.svg
public/images/highlight-separator-05-white.svg,224,.svg
public/images/highlight-separator-05.svg,224,.svg
public/images/highlight-separator-06.svg,229,.svg
public/images/highlight-separator-07.svg,230,.svg
public/images/highlight-separator-08.svg,225,.svg
public/images/highlight-separator-09.svg,229,.svg
public/images/highlight-separator-10.svg,239,.svg
public/images/highlight-separator-11.svg,243,.svg
public/images/highlight-separator-ebook.svg,3064,.svg
public/images/highlight-separator.svg,3064,.svg
public/images/home-content-2.jpg,64754,.jpg
public/images/home-first-section.jpg,106117,.jpg
public/images/humbergar-logo.png,3205,.png
public/images/humbergar-logo@2x.png,9083,.png
public/images/integration.jpg,95941,.jpg
public/images/integrations-vector.png,32889,.png
public/images/jamstack.svg,3818,.svg
public/images/journey-vector.png,32889,.png
public/images/learning-vector.png,32889,.png
public/images/loader.gif,2545,.gif
public/images/logo-adidas-dark-brown.svg,2812,.svg
public/images/logo-adidas.svg,2812,.svg
public/images/logo-amazon-dark-blue.svg,4933,.svg
public/images/logo-amazon-dark-gray.svg,5797,.svg
public/images/logo-amazon-white.svg,5797,.svg
public/images/logo-amazon.svg,5797,.svg
public/images/logo-armani-dark-brown.svg,1590,.svg
public/images/logo-armani.svg,1590,.svg
public/images/logo-asos-dark-brown.svg,3126,.svg
public/images/logo-asos.svg,3126,.svg
public/images/logo-awwards.svg,3758,.svg
public/images/logo-awwwards-white.svg,3649,.svg
public/images/logo-black-big.png,9365,.png
public/images/logo-black-big@2x.png,25682,.png
public/images/logo-black-small.png,1705,.png
public/images/logo-black-small@2x.png,3094,.png
public/images/logo-black.png,4965,.png
public/images/logo-black@2x.png,12515,.png
public/images/logo-celine-dark-brown.svg,938,.svg
public/images/logo-celine.svg,938,.svg
public/images/logo-chanel-dark-brown.svg,999,.svg
public/images/logo-chanel.svg,999,.svg
public/images/logo-dropbox-dark-blue.svg,3135,.svg
public/images/logo-dropbox-dark-gray-02.svg,2754,.svg
public/images/logo-dropbox-dark-green.svg,2754,.svg
public/images/logo-envato-white.svg,4431,.svg
public/images/logo-envato.svg,4431,.svg
public/images/logo-github-icon-dark-blue.svg,1304,.svg
public/images/logo-google-dark-gray.svg,1906,.svg
public/images/logo-google-white.svg,1906,.svg
public/images/logo-google.svg,1906,.svg
public/images/logo-gucci-dark-brown.svg,5307,.svg
public/images/logo-gucci.svg,5307,.svg
public/images/logo-invision-dark-blue.svg,3005,.svg
public/images/logo-invision-dark-gray.svg,3247,.svg
public/images/logo-invision-oxford-blue.svg,3247,.svg
public/images/logo-invision-white.svg,3264,.svg
public/images/logo-invision.svg,3247,.svg
public/images/logo-jquery-dark-gray.svg,11178,.svg
public/images/logo-jquery.svg,11178,.svg
public/images/logo-less-dark-gray.svg,3170,.svg
public/images/logo-less-white.svg,3170,.svg
public/images/logo-less.svg,3170,.svg
public/images/logo-logitech-dark-gray.svg,3298,.svg
public/images/logo-logitech-oxford-blue.svg,3298,.svg
public/images/logo-logitech-white.svg,3298,.svg
public/images/logo-logitech.svg,3298,.svg
public/images/logo-loitech-dark-blue.svg,3298,.svg
public/images/logo-monday-dark-blue-01.svg,3017,.svg
public/images/logo-monday-dark-blue.svg,3196,.svg
public/images/logo-monday-dark-gray-02.svg,2632,.svg
public/images/logo-monday-dark-gray.svg,2979,.svg
public/images/logo-monday-dark-green.svg,2632,.svg
public/images/logo-monday-oxford-blue.svg,3017,.svg
public/images/logo-monday-white.svg,2979,.svg
public/images/logo-monday.svg,2979,.svg
public/images/logo-netflix-dark-blue.svg,2126,.svg
public/images/logo-netflix-dark-gray.svg,2035,.svg
public/images/logo-netflix-oxford-blue.svg,2035,.svg
public/images/logo-netflix-white.svg,2034,.svg
public/images/logo-netflix.svg,2035,.svg
public/images/logo-nike.svg,488,.svg
public/images/logo-paypal-dark-gray.svg,4229,.svg
public/images/logo-paypal.svg,4229,.svg
public/images/logo-pingdom-dark-gray.svg,5190,.svg
public/images/logo-pingdom-white.svg,5190,.svg
public/images/logo-pingdom.svg,5190,.svg
public/images/logo-realtor.svg,9107,.svg
public/images/logo-redfin.svg,4226,.svg
public/images/logo-remax.svg,4682,.svg
public/images/logo-slack-dark-blue.svg,4239,.svg
public/images/logo-slack-dark-gray-02.svg,2265,.svg
public/images/logo-slack-dark-gray.svg,1915,.svg
public/images/logo-slack-dark-green.svg,2265,.svg
public/images/logo-slack.svg,1915,.svg
public/images/logo-trulia.svg,1534,.svg
public/images/logo-twitter-icon-dark-blue.svg,1377,.svg
public/images/logo-walmart-dark-blue.svg,4721,.svg
public/images/logo-walmart-dark-gray.svg,8148,.svg
public/images/logo-walmart-oxford-blue.svg,8148,.svg
public/images/logo-walmart-white.svg,4986,.svg
public/images/logo-walmart.svg,8148,.svg
public/images/logo-white-big.png,8570,.png
public/images/logo-white-big@2x.png,24211,.png
public/images/logo-white-demo.png,5524,.png
public/images/logo-white-demo@2x.png,14791,.png
public/images/logo-white.png,4387,.png
public/images/logo-white@2x.png,11186,.png
public/images/logo-woocommerce-white.svg,6264,.svg
public/images/logo-woocommerce.svg,6255,.svg
public/images/logo-yahoo-dark-blue.svg,4397,.svg
public/images/logo-yahoo-oxford-blue.svg,4430,.svg
public/images/logo-yahoo-white.svg,4374,.svg
public/images/logo-yahoo.svg,4430,.svg
public/images/logo-zara.svg,1558,.svg
public/images/logo-zillow.svg,2735,.svg
public/images/magento.svg,8768,.svg
public/images/maintenance-bg.jpg,90142,.jpg
public/images/manage-support.jpg,67054,.jpg
public/images/map-marker.svg,270,.svg
public/images/marker02.png,1312,.png
public/images/marker03.png,792,.png
public/images/marker04.png,1360,.png
public/images/marker05.png,1069,.png
public/images/mastercard.svg,3596,.svg
public/images/mfg-close.png,610,.png
public/images/microsoft-icon.svg,862,.svg
public/images/nexter.svg,2740,.svg
public/images/Oracle content -1.jpg,66803,.jpg
public/images/Oracle content -2.jpg,43359,.jpg
public/images/oracle-hcm-content-02.jpg,45554,.jpg
public/images/Oracle-hcm-content.jpg,189899,.jpg
public/images/Oracle-hcm-hero.png,6225609,.png
public/images/oracle-home-hcm.jpg,41321,.jpg
public/images/oracle-tech-pod.jpg,129154,.jpg
public/images/otbi-bi-vector.png,32889,.png
public/images/particles-demo-4-bg.png,1118,.png
public/images/paypal-logo.jpg,13137,.jpg
public/images/payroll-vector.png,32889,.png
public/images/play-store-black.svg,9127,.svg
public/images/play-store-white.svg,9192,.svg
public/images/portfolio-single-gallery-07.jpg,26568,.jpg
public/images/pre-built-sites-bg-dark-landing.jpg,166103,.jpg
public/images/pre-built-sites-bg-dark.jpg,166475,.jpg
public/images/pre-built-sites-bg.jpg,340227,.jpg
public/images/premium-elements-bg-dark.jpg,46735,.jpg
public/images/premium-elements-bg.jpg,85380,.jpg
public/images/pts-home.jpg,116269,.jpg
public/images/qua-rel-vec.png,32889,.png
public/images/rapid-response.jpg,87697,.jpg
public/images/redwood-vec.png,32889,.png
public/images/release-assurance.jpg,93170,.jpg
public/images/reporting.jpg,89772,.jpg
public/images/rev-trans-tile.png,95,.png
public/images/reviewsio.svg,5615,.svg
public/images/security-aor-vector.png,32889,.png
public/images/shop-four-column.svg,906,.svg
public/images/shop-list.svg,738,.svg
public/images/shop-three-column.svg,778,.svg
public/images/shop-two-column.svg,643,.svg
public/images/shopify-icon.svg,2751,.svg
public/images/shopify.svg,5428,.svg
public/images/sls-home.jpg,104413,.jpg
public/images/social-impact.jpg,126288,.jpg
public/images/support.jpg,58109,.jpg
public/images/talent-vector.png,32889,.png
public/images/tandym.svg,5057,.svg
public/images/tatari.svg,2850,.svg
public/images/technical-remediation-vec.png,32889,.png
public/images/testimonials-quote.png,462,.png
public/images/testing-vectot.png,32889,.png
public/images/testing.jpg,57893,.jpg
public/images/themezaa-logo.png,4798,.png
public/images/themezaa-logo@2x.png,11451,.png
public/images/themezaa.png,6094,.png
public/images/tripadvisor-icon.svg,1255,.svg
public/images/twitter-icon.svg,757,.svg
public/images/union-pay.svg,10796,.svg
public/images/vbcs.jpg,47147,.jpg
public/images/vertical-center-line-bg-dark.svg,341,.svg
public/images/vertical-center-line-bg.svg,341,.svg
public/images/vertical-line-bg-dark.svg,560,.svg
public/images/vertical-line-bg-medium-gray.svg,561,.svg
public/images/vertical-line-bg-small-light-gray-02.svg,557,.svg
public/images/vertical-line-bg-small-light-gray.svg,558,.svg
public/images/vertical-line-bg-small-medium-gray.svg,289,.svg
public/images/vertical-line-bg-small.svg,557,.svg
public/images/vertical-line-bg.svg,559,.svg
public/images/visa.svg,2793,.svg
public/images/wfs.png,32889,.png
public/images/woocommerce.svg,1706,.svg
public/images/wordpress.svg,7081,.svg
public/fonts/bootstrap-icons.woff,180288,.woff
public/fonts/bootstrap-icons.woff2,134044,.woff2
public/fonts/fa-brands-400.woff2,110088,.woff2
public/fonts/fa-regular-400.woff2,18924,.woff2
public/fonts/fa-solid-900.woff2,114740,.woff2
public/fonts/fa-v4compatibility.woff2,4032,.woff2
public/fonts/feather.eot,62084,.eot
public/fonts/feather.svg,214775,.svg
public/fonts/feather.ttf,61920,.ttf
public/fonts/feather.woff,29500,.woff
public/fonts/icomoon.eot,1177572,.eot
public/fonts/icomoon.svg,3691407,.svg
public/fonts/icomoon.ttf,1177408,.ttf
public/fonts/icomoon.woff,1177484,.woff
public/fonts/themify.woff2,35616,.woff2
public/css/icon.css,356581,.css
public/css/icon.min.css,278581,.css
public/css/responsive.css,417569,.css
public/css/responsive.min.css,303042,.css
public/css/style.css,468517,.css
public/css/style.min.css,381122,.css
public/css/vendors.css,371649,.css
public/css/vendors.min.css,301698,.css
public/js/jquery.js,87604,.js
public/js/main.js,218582,.js
public/js/vendors/anime.min.js,115378,.js
public/js/vendors/atropos.js,17771,.js
public/js/vendors/bootstrap.bundle.js,214148,.js
public/js/vendors/gsap.js,185493,.js
public/js/vendors/imagesloaded.pkgd.js,12571,.js
public/js/vendors/interactive-portfolio.js,11224,.js
public/js/vendors/isotope.pkgd.js,94974,.js
public/js/vendors/jquery-cookie.js,3288,.js
public/js/vendors/jquery.appear.js,3032,.js
public/js/vendors/jquery.count-to.js,4081,.js
public/js/vendors/jquery.countdown.js,9189,.js
public/js/vendors/jquery.easypiechart.js,9614,.js
public/js/vendors/jquery.fitvids.js,3467,.js
public/js/vendors/jquery.magnific-popup.js,45791,.js
public/js/vendors/jquery.mcustomscrollbar.concat.min.js,45710,.js
public/js/vendors/justified-gallery.js,47134,.js
public/js/vendors/mapstyles.js,18090,.js
public/js/vendors/parallax.js,1110,.js
public/js/vendors/parallaxLiquid.js,3218,.js
public/js/vendors/particles.js,44364,.js
public/js/vendors/retina.min.js,2521,.js
public/js/vendors/skrollr.js,50214,.js
public/js/vendors/smooth-scroll.js,10601,.js
public/js/vendors/splitting.js,14092,.js
public/js/vendors/sticky-kit.js,8882,.js
public/js/vendors/swiper-bundle.js,358771,.js
public/js/vendors.js,1302691,.js
public/js/vendors.min.js,636085,.js
